Manufacturer,TotalSales,UnitsSold
Seagull power boats,16740.0,1.0
SBM power boats,106200.0,1.0
Hatteras power boats,3969520.0,11.0
Arvor power boats,255234.0,5.0
Wellcraft power boats,991402.2,9.0
Saphire power boats,35400.0,1.0
Premier power boats,247800.0,1.0
De Antonio Yachts power boats,2170426.0,6.0
Vitech power boats,702100.0,1.0
Gruno power boats,1569612.4,12.0
Teltow Werft power boats,164610.0,1.0
Nautilus power boats,258420.0,1.0
Baha power boats,7020.0,1.0
Hanto power boats,20638.2,1.0
Jacabo power boats,588702.0,3.0
Pedrazzini power boats,1952960.0,9.0
Steiner power boats,7344.0,1.0
Yamarin power boats,1056728.8,25.0
Allround power boats,15222.0,1.0
Waddenkruiser power boats,22414.1,1.0
VTS Boats power boats,43542.0,1.0
Funcraft power boats,356360.0,3.0
Primeur power boats,50681.0,1.0
Pikmeerkruiser power boats,1192980.0,5.0
Marex power boats,1.5551405E7,24.0
Austin Parker power boats,932200.0,1.0
Hemiksem power boats,312700.0,1.0
Adventure power boats,46610.0,1.0
Posillipo power boats,4823250.0,9.0
Acroplast power boats,35400.0,1.0
Stickl power boats,339144.97,4.0
Altair power boats,198240.0,2.0
Drago Boats power boats,139536.0,5.0
Nimbus power boats,1.046837E7,43.0
Ocqueteau power boats,779012.0,16.0
Erman Yachting power boats,372600.0,1.0
Concordia power boats,259010.0,1.0
De Wiel power boats,29500.0,1.0
Sealine power boats,2.8508352E7,104.0
Haines Marine power boats,244850.0,2.0
Baltic power boats,158710.0,1.0
van de Werf power boats,105020.0,1.0
Milan  power boats,18900.0,1.0
Baia power boats,2059590.0,8.0
Albin power boats,48970.0,2.0
Vizion power boats,73986.0,5.0
Webbcraft power boats,9180.0,1.0
Viking power boats,609411.0,11.0
Barkas power boats,216530.0,3.0
Terra Nauta power boats,460200.0,2.0
Vertens power boats,159300.0,1.0
Greenline power boats,6.3104088E7,18.0
Cantieri Nautici Dalla Pieta power boats,336300.0,1.0
Paragon power boats,115640.0,1.0
White Shark power boats,64900.0,1.0
Blohm + Voss power boats,35400.0,1.0
Skibsplast power boats,96287.4,4.0
Gallart power boats,153400.0,2.0
Orskov Skibsvaerft power boats,230100.0,1.0
Regal power boats,5969970.5,61.0
Tresfjord power boats,350000.0,1.0
Bucher power boats,4536.0,1.0
Hock power boats,189331.0,3.0
Invictus power boats,5169809.0,35.0
Robalo power boats,201780.0,2.0
Absolute power boats,1.1394322E7,19.0
Cytra power boats,156692.2,4.0
Veha power boats,333624.0,3.0
Allegra power boats,82954.0,3.0
Baja power boats,568436.0,5.0
Flevo power boats,175820.0,1.0
Ala Blu power boats,76700.0,1.0
Cramar power boats,94572.0,3.0
Pedro power boats,1763864.0,23.0
Grady White Boats power boats,304440.0,3.0
Need Yacht power boats,199800.0,1.0
Solare power boats,253700.0,1.0
Scand power boats,427784.2,11.0
Rhea power boats,3093434.0,25.0
Myabca power boats,50740.0,1.0
Hooveld power boats,111982.0,2.0
Monte Carlo power boats,3481000.0,1.0
Skagen power boats,495600.0,1.0
Gillissen power boats,358602.0,4.0
Nadirmarine power boats,37760.0,1.0
Cantieri di Sarnico power boats,1480782.0,6.0
Ranieri International power boats,850877.0,19.0
Heinrich power boats,155520.0,1.0
Ockelbo power boats,8640.0,1.0
Freedom power boats,19942.0,1.0
Marino CN power boats,11340.0,1.0
Thompson power boats,34220.0,1.0
Delphia power boats,1118651.8,5.0
Suncoast power boats,159300.0,1.0
Hellingskip power boats,271610.0,2.0
Atlantic Motor Yachts power boats,601542.0,3.0
Tryvia power boats,517430.0,2.0
Arp-Werft  power boats,64900.0,1.0
Italmar power boats,231532.52,7.0
SAY power boats,1123371.0,4.0
Arcoa power boats,743400.0,2.0
Orca power boats,39648.0,1.0
Amberg power boats,106920.0,2.0
Joda power boats,18868.2,2.0
Kapiteinssloep power boats,40710.0,1.0
Trawler power boats,159300.0,1.0
Cantieri Estensi power boats,1354640.0,4.0
BlueCraft power boats,101108.3,7.0
Steilsteven power boats,58410.0,1.0
Dufour power boats,5900.0,1.0
Quicksilver power boats,1582423.5,30.0
Jongert power boats,767000.0,1.0
Meridian Yachts power boats,211220.0,1.0
Holland Boat power boats,160480.0,2.0
Treffer power boats,828242.0,4.0
Formula power boats,1744732.0,21.0
Viko Yachts power boats,21694.3,1.0
Amerglass power boats,46020.0,1.0
Lengers power boats,2212500.0,1.0
ISA Yachts power boats,4543000.0,1.0
Integrity power boats,9406711.0,11.0
Acquaviva (IT) power boats,15930.0,1.0
ZAR Formenti power boats,24544.0,1.0
Tony Giugliano power boats,282740.0,2.0
Cormate power boats,696639.0,4.0
B2 Marine power boats,234284.0,9.0
Kaiser Bootsmanufaktur power boats,385624.0,4.0
Smartliner power boats,189008.0,8.0
Rodriguez Group (Italyachts) power boats,6962000.0,1.0
Johnson Yachts power boats,129800.0,1.0
Stama power boats,240620.0,2.0
Calafuria power boats,59000.0,1.0
Navalia power boats,3637500.0,1.0
ReLine power boats,739270.0,4.0
Piculjan Marine power boats,518374.0,3.0
Abacus power boats,4847800.0,2.0
Marco Yachts power boats,50150.0,1.0
Lagoon power boats,1010080.0,3.0
Jans power boats,20650.0,1.0
Thunderbird power boats,59000.0,1.0
Couach power boats,4602000.0,1.0
Rancraft power boats,34810.0,1.0
Lunde power boats,42066.0,1.0
Olympic power boats,177522.98,8.0
Chaparral power boats,2051783.9,33.0
Westwind power boats,69030.0,1.0
Poldijk Jachtbouw B.V. power boats,116820.0,1.0
Galaxy power boats,31212.0,1.0
Diano power boats,389400.0,2.0
Garin power boats,182900.0,2.0
Lex Boats power boats,141600.0,1.0
Kimple power boats,10908.0,2.0
Nordkapp power boats,510451.16,10.0
Amel power boats,123900.0,1.0
Haber power boats,125750.0,2.0
Catarsi power boats,42480.0,1.0
ERC power boats,28026.0,1.0
Loon power boats,314280.0,2.0
Helstede power boats,43092.0,1.0
Valiant power boats,209000.0,1.0
Hoekstra power boats,18290.0,1.0
Tornado power boats,831900.0,8.0
Ibiza Boats power boats,64692.0,1.0
Tegernseer Bootsbau power boats,68440.0,1.0
Primatist power boats,215940.0,2.0
Bluewater Yachts power boats,16146.0,1.0
Majoni power boats,310340.0,2.0
Four Winns power boats,4059122.0,42.0
Bimax power boats,56640.0,2.0
Marino Costruzioni Nautiche power boats,15340.0,1.0
Leidi power boats,49560.0,1.0
San Remo power boats,111510.0,2.0
Mirakul power boats,768770.0,3.0
F√?llemann power boats,35348.4,1.0
Aquastar power boats,322470.0,3.0
Navalplastica power boats,17700.0,1.0
Vacance power boats,461970.0,3.0
Bazzerla power boats,46610.0,1.0
Celebrity power boats,21122.0,1.0
Seaway power boats,1466150.0,4.0
Viko power boats,43306.0,2.0
Neptunus Yachts power boats,188682.0,1.0
Thoma power boats,147700.8,6.0
Cranchi power boats,6.2700236E7,181.0
IMP Boats power boats,29382.0,1.0
Burger power boats,495600.0,1.0
Italmarine power boats,13824.0,2.0
Marquis power boats,1156400.0,3.0
Mingolla power boats,38114.0,2.0
Windy power boats,8116424.5,54.0
Gavazzi Luciano power boats,69620.0,1.0
Bering Yachts power boats,2714000.0,1.0
ACM Dufour power boats,880460.0,9.0
Aluminiumjon power boats,40710.0,1.0
Sessa power boats,3.3541894E7,105.0
GioMare power boats,19942.0,1.0
Grandezza power boats,807993.2,4.0
Sagemar power boats,440140.0,3.0
Fartes power boats,126260.0,1.0
Sarnico power boats,1189440.0,5.0
Hensa  power boats,4104.0,1.0
Mochi Craft power boats,1.3022191E7,19.0
BLULINE (IT) power boats,12154.0,1.0
Nasbo power boats,124956.0,1.0
Slepsk power boats,35400.0,1.0
Alfastreet Marine power boats,581319.94,6.0
Best power boats,152220.0,1.0
Searider power boats,28202.0,1.0
Nordson power boats,15930.0,1.0
Gibert Marine power boats,75520.0,2.0
de Ruiter power boats,152102.0,2.0
Hustler power boats,265488.2,2.0
Dellapasqua power boats,2843682.0,20.0
Alpa power boats,234818.81,3.0
Sylvan Marine power boats,75758.76,1.0
AMT power boats,972389.2,19.0
Technohull power boats,363440.0,1.0
Cantieri Schiavone power boats,3068000.0,1.0
Euroship power boats,535720.0,2.0
VICEM power boats,531000.0,1.0
Bryant Boats power boats,254230.92,2.0
Conam power boats,2337462.0,11.0
Heesen Yachts power boats,7080000.0,2.0
Futuro power boats,80584.56,2.0
Rohn power boats,128949.84,1.0
Rio Iberica power boats,60014.0,3.0
Cantieri Nautici Ferrario power boats,170974.0,6.0
Romar power boats,16756.0,1.0
Heyday power boats,250160.0,3.0
AYROS power boats,38350.0,1.0
Atlantis power boats,5472781.0,20.0
Osprey power boats,41182.0,1.0
Rivers and Tides power boats,265500.0,1.0
Carolina Classic power boats,97940.0,1.0
Katwijker power boats,617730.0,3.0
2 emme marine power boats,149860.0,1.0
Minor power boats,2042340.0,2.0
van Wijk power boats,205200.0,1.0
Volvo power boats,8850.0,1.0
Starfisher power boats,407194.0,6.0
Campion power boats,626855.0,12.0
Bella power boats,951698.8,16.0
Baglietto power boats,1.783865E7,6.0
Adagio Yachts power boats,305620.0,1.0
Topaz power boats,235882.0,1.0
Sea Pro power boats,41300.0,1.0
Seacode power boats,12862.0,1.0
Gobbi power boats,3050642.0,35.0
Colombo power boats,1064094.0,14.0
MasterCraft power boats,1542514.9,17.0
Meier power boats,12420.0,1.0
EVO power boats,885000.0,1.0
Skilso power boats,138060.0,2.0
Armee Suisse power boats,15120.0,1.0
Argo power boats,105492.0,2.0
Symbol Yachts power boats,193520.0,2.0
Alen Yacht power boats,823640.0,1.0
Saver power boats,1715246.8,33.0
Yachtwerft Berlin power boats,53100.0,1.0
Uttern power boats,114707.88,2.0
Brig power boats,7670.0,1.0
Cabo power boats,914500.0,3.0
Jetten power boats,1309800.0,2.0
Colvic power boats,100300.0,1.0
Klase A power boats,59000.0,1.0
Schneiter power boats,27000.0,1.0
Draco power boats,1316558.2,20.0
Rio power boats,1547798.5,17.0
Man√≤ power boats,1220592.0,13.0
Bege power boats,276592.0,3.0
Albemarle power boats,578200.0,4.0
Hilter power boats,151748.0,4.0
Coronet power boats,110630.2,4.0
Wiking power boats,14160.0,1.0
Ferretti power boats,3.2793262E7,49.0
Sea Sprite power boats,17172.0,1.0
De Vries power boats,448400.0,1.0
Fipa Italiana power boats,2103940.0,3.0
Trophy power boats,30562.0,1.0
Linder power boats,157123.45,10.0
Idea Marine power boats,50479.2,1.0
Brunnert-Grimm power boats,118000.0,1.0
Piantoni (IT) power boats,967600.0,11.0
Innovazioni e Progetti power boats,3498698.8,22.0
Palmer Johnson power boats,5664000.0,1.0
Egemar power boats,312700.0,1.0
Fiart Mare power boats,1.2315259E7,26.0
Parker power boats,2636414.2,34.0
Fjord Plast power boats,18290.0,1.0
Nord Star power boats,510232.0,3.0
Escape Sloepen power boats,42120.0,1.0
Z-Yacht power boats,84240.0,1.0
Caravelle power boats,21122.0,1.0
President power boats,1156400.0,7.0
Sunreef power boats,8850000.0,3.0
Wicabo power boats,149152.0,2.0
Poca power boats,9612.0,1.0
Nautica Esposito power boats,379960.0,2.0
AluVenture power boats,232968.58,1.0
Benetti power boats,4.37721E7,6.0
Tecnomarine power boats,186440.0,2.0
Schweizer Bateaux power boats,19440.0,1.0
Coverline power boats,141010.0,4.0
Gropp power boats,67152.0,2.0
AMS Marine Yachten power boats,549000.0,1.0
Tahoe power boats,176472.0,3.0
ATOMIX power boats,38772.0,1.0
Ijlstervlet power boats,914500.0,5.0
Selection Boats power boats,312809.4,6.0
Pantera power boats,584100.0,1.0
Elegance power boats,3216680.0,5.0
Faeton power boats,1241885.2,18.0
Fountain power boats,76700.0,1.0
Brandsma power boats,128620.0,1.0
Viksund power boats,625000.0,1.0
Bootbau Frei power boats,73440.0,1.0
Raffaelli power boats,2802382.0,19.0
Doral power boats,1133064.0,12.0
Storebro power boats,5358274.0,15.0
Sigrist power boats,48600.0,1.0
Skagerrak power boats,117823.0,3.0
Fjord power boats,6536302.5,31.0
Selco power boats,10260.0,1.0
Verus power boats,10692.0,1.0
Fidego power boats,46020.0,1.0
Sarins power boats,247092.0,2.0
Italversil power boats,141600.0,1.0
Chung Hwa power boats,348100.0,2.0
Cobalt power boats,1017262.0,14.0
Numarine power boats,3822020.0,2.0
Curvelle power boats,9853000.0,1.0
Giorgi power boats,682630.0,3.0
Quicksilver (Brunswick Marine) power boats,7537081.0,150.0
Kelt power boats,482148.0,10.0
Cantieri Nautici Solcio power boats,25960.0,1.0
Belliure power boats,1886112.0,4.0
Sea Ray power boats,1.9372456E7,185.0
Trimarchi  power boats,57550.0,4.0
Maril power boats,124222.14,2.0
Donzi power boats,21600.0,1.0
Scarab power boats,578778.2,6.0
Biot power boats,302400.0,1.0
Shiren power boats,108560.0,2.0
Azimut power boats,9.8567288E7,170.0
Baess power boats,71280.0,1.0
Ocean Bay power boats,32938.92,2.0
Blue Sailors power boats,123900.0,1.0
Checkmate power boats,21122.0,1.0
Jaguar power boats,708000.0,1.0
Pirelli power boats,467280.0,1.0
Doggersbank power boats,834260.0,3.0
Oost power boats,93220.0,1.0
Di Donna power boats,949900.0,4.0
Marinello power boats,788616.2,23.0
Ilver power boats,851736.2,14.0
IRON power boats,408039.28,7.0
AluForce power boats,283742.8,5.0
Super van Craft power boats,1261833.0,10.0
Dominator power boats,1.521728E7,13.0
Novurania power boats,112100.0,1.0
Rodman power boats,8505933.0,35.0
Alfamarine power boats,1025420.0,2.0
Ott Werft power boats,18762.0,1.0
Starweld power boats,16146.0,1.0
Sunseeker power boats,3.92610304E8,332.0
Bayliner power boats,7109154.0,113.0
Kempala (NL) power boats,94282.0,1.0
Camuffo power boats,208860.0,2.0
Akerboom power boats,57820.0,1.0
Gianetti power boats,212400.0,1.0
Proficiat power boats,673944.0,9.0
Haines power boats,724520.0,2.0
Lund Boats power boats,33426.0,2.0
Winga power boats,20638.2,1.0
Ebbtide power boats,47052.0,2.0
Luhrs power boats,100300.0,1.0
Apreamare power boats,1.009587E7,21.0
Harris FloteBote power boats,41040.0,1.0
Siemer power boats,317420.0,2.0
Bruno Abbate power boats,537742.0,10.0
Maxum power boats,1333848.4,22.0
Albatro power boats,575840.0,2.0
Edership power boats,1025290.2,8.0
Windy Oceancraft power boats,10030.0,1.0
Remus power boats,46548.64,3.0
Viper power boats,1984646.2,17.0
ARS Mare power boats,211220.0,2.0
Bond Yachts power boats,70682.0,1.0
Mazury power boats,63012.0,2.0
Mery Nautic power boats,29500.0,1.0
Tecnorib power boats,588395.2,3.0
Moomba power boats,412174.0,5.0
Ranieri power boats,169198.0,7.0
Dawncraft power boats,7670.0,1.0
Correct Craft power boats,473590.9,9.0
Schachner power boats,116820.0,1.0
Pioner power boats,21492.0,1.0
Vri-Jon power boats,1149600.2,9.0
Northshore Yachts power boats,80946.0,1.0
Nuova Jolly power boats,106200.0,1.0
VZ Cantiere Nautico power boats,47200.0,1.0
Sting power boats,284232.8,10.0
Pershing power boats,3.666946E7,40.0
Nicols power boats,88382.0,2.0
Stormer power boats,188210.0,1.0
Tuccoli power boats,1504498.9,5.0
CAD Marine power boats,27140.0,1.0
Aqualum power boats,236000.0,1.0
Recla power boats,132160.0,1.0
Viknes power boats,719282.0,2.0
Formula Cruisers power boats,161460.0,1.0
Agder power boats,81892.0,1.0
Swiss Craft power boats,793800.0,4.0
Cox Marine power boats,11210.0,1.0
Tig√© power boats,185991.8,2.0
Moonday power boats,296623.7,6.0
UMS-Boat power boats,11798.82,1.0
VBoats power boats,457318.44,10.0
BWA power boats,29365.2,1.0
Ocean Alexander power boats,1355820.0,2.0
Princess power boats,1.27877176E8,183.0
Smelne power boats,4292722.0,17.0
Prestige Yachts power boats,6.875956E7,105.0
Master power boats,492673.6,8.0
Kramer power boats,114342.0,2.0
Nidelv power boats,938148.0,9.0
Tecnomar power boats,5037420.0,7.0
Polaris power boats,445249.4,6.0
Kammin power boats,4602.0,1.0
Jan Van Gent power boats,97350.0,1.0
Capelli power boats,438440.0,11.0
American Marine power boats,111864.0,1.0
Maiora power boats,8530220.0,9.0
Bienchen  power boats,7560.0,1.0
Q-Yachts power boats,257094.0,1.0
GS Nautica power boats,4130.0,1.0
WeiBo power boats,70564.0,2.0
HoWa power boats,22680.0,1.0
Hans A. Deerberg power boats,177000.0,1.0
Schaefer power boats,88500.0,1.0
Cascaruda power boats,40592.0,2.0
Riva power boats,4.127892E7,60.0
Bluline power boats,33040.0,1.0
Thermo Yacht power boats,116820.0,2.0
Pacific Craft power boats,119102.8,3.0
NUVA Yachts power boats,307154.0,3.0
Hille power boats,31022.2,3.0
Cigala & Bertinetti power boats,11800.0,1.0
Canados power boats,2909715.0,7.0
Marine Pro power boats,10746.0,1.0
Linssen power boats,2.3006864E7,66.0
Tarquin power boats,814200.0,1.0
Smartboat power boats,48600.0,1.0
Hunton power boats,105020.0,1.0
Ayros power boats,75519.0,1.0
Nor-Dan power boats,22066.0,1.0
Scout Boats power boats,43092.0,1.0
Skarpnes power boats,35282.0,1.0
Galia power boats,647367.0,14.0
Axis power boats,166500.0,2.0
Marian power boats,411820.0,1.0
Dacapo power boats,47082.0,1.0
Zeeland Jachtbouw power boats,348100.0,1.0
Glastron power boats,998119.0,22.0
Fiberline power boats,66540.0,3.0
Marine Yachting power boats,232460.0,1.0
Renken power boats,37701.0,2.0
Comitti power boats,1356970.0,7.0
Unica Yacht power boats,236000.0,1.0
Kaasb√?ll power boats,42775.0,1.0
Adex Nautica power boats,70210.0,1.0
C.N. Tigullio power boats,295000.0,1.0
Linex power boats,569350.0,3.0
Inter power boats,772898.2,6.0
Cigarette power boats,820100.0,3.0
Scarani power boats,148584.0,3.0
AB Yachts power boats,123900.0,1.0
Platinum power boats,100300.0,1.0
Innovazione&Progetti power boats,480850.0,3.0
Pacific power boats,1441370.0,5.0
MP Watersport power boats,55987.2,2.0
Cruisers Yachts power boats,2106064.0,17.0
Gouwerok power boats,22715.0,2.0
Riviera power boats,3657410.0,11.0
EdgeWater power boats,273909.62,4.0
Centurion power boats,348516.0,3.0
Spertini power boats,848420.0,2.0
Damor power boats,242372.0,4.0
Mondo marine power boats,1770000.0,1.0
Succes power boats,1160848.6,11.0
Tjeukemer power boats,53460.0,1.0
Off-Course power boats,82620.0,1.0
Cantiere delle Marche power boats,1.0384E7,1.0
Privateer power boats,346920.0,2.0
Silver power boats,186186.0,3.0
Motocraft power boats,7549.2,1.0
L√?tje power boats,23010.0,1.0
Yamaha power boats,67106.6,2.0
Yachting France power boats,8850.0,1.0
Morningstar power boats,81216.0,3.0
Super Lauwersmeer power boats,622450.0,2.0
Ocean Yachts power boats,200600.0,1.0
Finnmaster power boats,537221.8,8.0
Mainship power boats,152220.0,1.0
Salpa power boats,1388528.5,11.0
Mako Boats power boats,82600.0,1.0
Staempfli power boats,11286.0,2.0
Parente power boats,46020.0,1.0
Sciallino power boats,228330.0,5.0
Doqueve power boats,1235460.0,7.0
Vismara power boats,128620.0,1.0
Prinz power boats,233640.0,2.0
Koopmans power boats,394710.0,2.0
Crestliner power boats,21238.2,1.0
Cayman power boats,5676980.0,17.0
Catfish power boats,289100.0,1.0
Horizon Yacht power boats,105020.0,1.0
Moonraker power boats,33630.0,1.0
Frauscher power boats,6975851.5,20.0
Hardy Marine power boats,142843.0,3.0
Marine Projects power boats,922760.0,6.0
Overblue power boats,870840.0,2.0
Karel power boats,24262.2,2.0
SAS-Vektor power boats,175820.0,3.0
Witti power boats,19980.0,1.0
Aquaviva power boats,7080.0,1.0
Marina Brodersby power boats,267270.0,2.0
Makma power boats,307980.0,3.0
Enterprise Marine power boats,224200.0,1.0
Rijnkruiser power boats,20650.0,1.0
MCY power boats,1.788762E7,9.0
Monachus power boats,926300.0,2.0
Mariah power boats,19656.0,1.0
Hoya power boats,115640.0,1.0
Vizianello power boats,69620.0,1.0
Selene power boats,5025620.0,5.0
Rayglass power boats,147500.0,1.0
Eurobanker power boats,312700.0,2.0
Seaco power boats,66960.0,1.0
Silverline power boats,1038400.0,1.0
Buetzfleth power boats,38822.0,1.0
Overmarine power boats,3422000.0,3.0
Cantieri Navali di Livorno power boats,68440.0,1.0
Fincantieri Yachts power boats,920400.0,1.0
Explorer power boats,1711000.0,1.0
Marhen power boats,309160.0,2.0
Vrijbuiter power boats,70682.0,1.0
Hellwig power boats,47908.0,4.0
De Boarnstream power boats,1408510.0,10.0
Zuiderzee power boats,270220.0,1.0
Tristan power boats,578240.0,2.0
Blom power boats,40710.0,1.0
Forbina power boats,145260.0,1.0
Zodiac power boats,11800.0,1.0
Seebold power boats,32292.0,1.0
Suncamper power boats,82482.0,1.0
Antaris power boats,125442.26,3.0
Italcraft power boats,5496320.0,7.0
Astor power boats,392822.0,3.0
Dynasty power boats,14042.0,1.0
Aquanaut power boats,1914074.1,9.0
Scandinavia power boats,135663.42,1.0
Viking Marin power boats,250500.0,2.0
Blauwe Hand power boats,93102.0,1.0
Saxdor power boats,48970.0,1.0
Solcio power boats,88498.82,2.0
Blue Ocean power boats,93220.0,1.0
Cobrey power boats,2391923.8,4.0
Schwarz power boats,24780.0,1.0
Polar power boats,75980.2,3.0
Egon Bredgaard power boats,70682.0,1.0
Stilecatalini power boats,177000.0,1.0
Arkos power boats,24780.0,1.0
Nordmaster power boats,43778.0,3.0
Verhoeven power boats,643100.0,1.0
3B Craft power boats,165200.0,1.0
Zeta Group power boats,59000.0,1.0
Walser power boats,53460.0,1.0
Invader power boats,15122.0,2.0
Beachcraft power boats,217704.1,3.0
Yaretti power boats,1221182.0,4.0
Ventus power boats,194700.0,1.0
Corsiva power boats,66080.0,4.0
Holland Stahlverdr√?nger power boats,57643.0,3.0
Waterland power boats,36462.0,2.0
Pursuit power boats,931020.0,7.0
Balt Yacht power boats,589210.56,6.0
Delta Powerboats power boats,2382496.8,4.0
J2J Service power boats,12258.0,1.0
Striker power boats,185260.0,2.0
Hitzler-Werft Regensburg power boats,318600.0,1.0
Skils√∂ power boats,18290.0,1.0
Birchwood power boats,474254.0,6.0
Sanlorenzo power boats,1.09955648E8,39.0
Werner  power boats,11800.0,1.0
Alalunga power boats,542800.0,2.0
Maxima power boats,151287.8,4.0
Giudecca power boats,211680.0,2.0
Selje power boats,21276.0,1.0
Saura power boats,21240.0,1.0
Boesch power boats,4918678.0,51.0
Filippetti power boats,5428000.0,3.0
The Captains power boats,27000.0,1.0
Viking (GB) power boats,54880.0,2.0
Monte Fino power boats,1121000.0,1.0
Barro power boats,73440.0,1.0
Supra power boats,321451.2,3.0
Center Craft power boats,139240.0,2.0
Elling power boats,2735228.2,7.0
AICON Yachts power boats,2233740.0,5.0
Ibis power boats,4130.0,1.0
Buster power boats,290656.8,6.0
Polar Boats power boats,122484.0,3.0
Jeanneau power boats,6.3930856E7,384.0
Victoria power boats,45961.0,1.0
Anytec Boats power boats,135000.0,1.0
Ta Yang power boats,118000.0,1.0
Interboat DE power boats,47082.0,1.0
Fratelli Aprea power boats,295000.0,2.0
Portofino Marine power boats,979400.0,5.0
Pollard power boats,318010.0,1.0
Starcraft power boats,127353.2,3.0
Island Gypsy power boats,93220.0,1.0
Interster power boats,8248.2,1.0
Wim van der Valk power boats,2253670.2,4.0
Majesty Yachts power boats,289100.0,1.0
Ocean Master (US) power boats,821556.0,5.0
Voyager power boats,33040.0,1.0
Crescent power boats,58525.64,3.0
Bavaria power boats,2.2393344E7,124.0
Terhi power boats,131199.77,13.0
Schweizer power boats,33146.2,2.0
Baikal power boats,5900000.0,4.0
Momenta power boats,277300.0,1.0
Tullio Abbate power boats,680871.8,12.0
Aicon power boats,5692320.0,8.0
MAS power boats,81420.0,1.0
Quicksilver Inflatables power boats,40068.0,1.0
Karnic power boats,268192.62,8.0
Sea-Doo power boats,51662.68,3.0
Comar power boats,115640.0,2.0
Grginic power boats,192930.0,2.0
Fountaine Pajot power boats,2952360.0,8.0
Valkkruiser power boats,1421186.1,12.0
Motomar power boats,400020.0,3.0
Pegiva power boats,92880.0,1.0
Sensation power boats,317042.4,6.0
Zetacraft power boats,42480.0,1.0
Clear power boats,288592.3,5.0
De Groot power boats,295000.0,5.0
VanDutch power boats,3138800.0,4.0
Flying Shark power boats,74514.6,2.0
Feltz power boats,241900.0,1.0
Nautique power boats,2053230.0,13.0
Scanner power boats,109740.0,2.0
AGA-Marine power boats,277300.0,1.0
Uniesse power boats,3783080.0,11.0
Aquador power boats,3912624.5,21.0
Blue Navy power boats,177000.0,1.0
M√?ndli power boats,88230.0,6.0
Hollandia power boats,803690.2,7.0
Corvette Cruisers power boats,108950.0,2.0
Marino power boats,203750.0,2.0
Wake power boats,187620.0,1.0
PR Marine power boats,470820.0,1.0
Malibu power boats,546696.0,7.0
Sunbird power boats,65011.2,4.0
Nireus power boats,24732.0,2.0
Gagliotta power boats,436600.0,4.0
Seaswirl power boats,112926.0,5.0
Broom power boats,1804216.0,9.0
Weidling power boats,34102.0,1.0
AXOPAR power boats,2236613.2,12.0
Intrepid power boats,67260.0,2.0
KOK power boats,23010.0,1.0
Safter Marine power boats,82728.0,4.0
Boatbuilding Academy Dorset power boats,41064.0,1.0
Nor Star power boats,81302.0,1.0
Chris Craft power boats,3354827.2,28.0
Glacer power boats,106200.0,1.0
Trader Motor Yachts power boats,324500.0,1.0
Rijo Kruiser power boats,26550.0,1.0
Sport Craft power boats,49442.0,2.0
Ecoline power boats,364620.0,2.0
Hiltergerke power boats,132868.0,3.0
Nautica power boats,76700.0,1.0
Carver power boats,993502.0,9.0
Condor Yachting power boats,439220.0,3.0
Fairline power boats,4.4454228E7,122.0
Pavati power boats,307800.0,1.0
Graso power boats,44250.0,1.0
Kempers power boats,76464.0,1.0
Bertram power boats,1799500.0,6.0
Cantieri di Pisa power boats,9377460.0,4.0
Numo power boats,29052.0,1.0
Saga power boats,778220.0,5.0
Europe Marine power boats,132750.0,2.0
Performance power boats,2421374.0,14.0
Sossego power boats,4012000.0,1.0
Intermare power boats,929250.0,12.0
Vedette power boats,164610.0,1.0
Nordic power boats,119180.0,2.0
Hasler power boats,16200.0,1.0
Perini Navi Spa power boats,5428000.0,1.0
Salmeri Boote power boats,21492.0,1.0
Tiara power boats,1885640.0,12.0
Rand Boats power boats,209804.0,4.0
Mirage power boats,25783.0,1.0
Schlosswerft power boats,14750.0,1.0
Linden power boats,418900.0,1.0
Calcagno power boats,22680.0,1.0
Marine Offshore power boats,1285550.0,2.0
Sabre power boats,300900.0,1.0
Pro-Line power boats,388220.0,5.0
Motiva power boats,1680000.0,1.0
Costruzioni Navali Srl power boats,11800.0,1.0
Coaster power boats,49442.0,1.0
Bertram Yacht power boats,999460.0,9.0
Admiral power boats,943882.0,1.0
Neptunus power boats,3162030.2,15.0
Valk power boats,3300460.0,10.0
Amer power boats,1638725.0,2.0
D-Boat power boats,82541.0,1.0
Beekmann power boats,20520.0,2.0
Rapsody power boats,2223120.0,8.0
Crownline power boats,2384303.8,32.0
Airon Marine power boats,2927339.2,26.0
Compromis power boats,14750.0,1.0
Blumar power boats,35400.0,1.0
Liberty power boats,598000.0,1.0
B√©n√©teau power boats,9.2664376E7,528.0
Flipper power boats,1202357.1,13.0
Pearl power boats,499950.0,1.0
van der Heijden power boats,3898130.0,9.0
Elan power boats,1205355.2,9.0
Dalla Pieta power boats,3018440.0,6.0
Permare power boats,4366000.0,2.0
Carnevali power boats,1728700.0,11.0
Kronborg Marine power boats,164020.0,1.0
Ultramar power boats,28910.0,2.0
Biam power boats,169727.0,4.0
Doerak Sneek power boats,23482.0,1.0
Ses Yachts power boats,2230200.0,1.0
Altena power boats,1937784.1,9.0
Cobra Yachts power boats,647609.94,3.0
Kirie power boats,17110.0,1.0
Menorquin power boats,3855060.0,21.0
ST power boats,296180.0,4.0
Monterey power boats,2345908.2,21.0
Ecofiber power boats,7560.0,1.0
Swordsman power boats,195000.0,1.0
XO Boats power boats,1223692.0,7.0
Schottel power boats,46610.0,1.0
Scar power boats,15660.0,1.0
Fibramar power boats,49423.12,1.0
Galeon power boats,1.8381358E7,55.0
Triton power boats,31742.0,1.0
Guy Couach power boats,304322.0,5.0
BLUEGAME power boats,9207576.0,4.0
Magnum power boats,631300.0,2.0
Lavagna power boats,313200.0,1.0
Bombardier power boats,18880.0,1.0
Premiere Yacht power boats,448400.0,2.0
Boston Whaler power boats,3319893.0,33.0
Ganz Boats power boats,681850.0,6.0
Sunchaser power boats,267341.56,7.0
Leopard power boats,5442160.0,6.0
Adec power boats,14040.0,1.0
Falcon Yachts power boats,997100.0,2.0
Tauscheck power boats,29700.0,1.0
Franchini power boats,553420.0,1.0
Piantoni power boats,28320.0,1.0
Babro power boats,417602.0,3.0
Lema power boats,98412.0,3.0
Rizzardi power boats,2802500.0,9.0
Selva power boats,208742.4,5.0
Marieholm power boats,11788.2,1.0
Knierim Yachtbau power boats,234820.0,1.0
Fletcher power boats,35748.2,3.0
Pfeil power boats,542198.2,4.0
DarekCo power boats,228926.0,7.0
Zijlmans power boats,1343312.0,5.0
Century power boats,66298.2,4.0
Astondoa power boats,1.6732321E7,32.0
Grand Banks power boats,5972390.0,11.0
Blu Martin power boats,625400.0,1.0
Rinker power boats,997078.2,17.0
Atlantic Marine power boats,72306.0,3.0
Mangusta power boats,8950300.0,7.0
A. Mostes power boats,621352.0,5.0
Waterdream power boats,93810.0,1.0
Eurocrown power boats,52982.0,1.0
√ñchsner power boats,117764.0,1.0
Yacht Service SP. z o.o.  power boats,81420.0,1.0
Itama power boats,1414820.0,3.0
AW power boats,37888.62,1.0
HI-Star power boats,76700.0,1.0
Aquabat power boats,35400.0,1.0
Larson power boats,944147.2,13.0
Chrysler power boats,12980.0,1.0
Johnson power boats,5428000.0,2.0
Tinn-Silver power boats,13932.0,1.0
Titanium power boats,13824.0,1.0
Eolo power boats,454370.8,7.0
Stingray power boats,461333.7,7.0
Riva Bertram power boats,52982.0,1.0
Brabus power boats,977040.0,2.0
